8281020673584 , 8281020683490
8281031405242 , 8281031422948
8281042901851 , 8281042929324
8281055345088 , 8281055381427
8281067340526 , 8281067351586
8281084153704 , 8281084168944
8281096829208 , 8281096852597
8281108287943 , 8281108297858
8281119653552 , 8281119668681
8281131444236 , 8281131492626
8281142760943 , 8281142770646
8281155087016 , 8281155110844
8281167569382 , 8281167581085
8281179359190 , 8281179369163
8281191283112 , 8281191293066
8281203902697 , 8281203912356
8281215835216 , 8281215850782
8281227073160 , 8281227086046
8281239209754 , 8281239219202
8281251790944 , 8281251813359
8281262763358 , 8281262774706
8281273641560 , 8281273655910
8281289951407 , 8281289963365
8281303621912 , 8281303632528
8281320182921 , 8281320193958
8281332416655 , 8281332427985
8281344415903 , 8281344441637
8281355653223 , 8281355662259
8281371286861 , 8281371296609
8281383400321 , 8281383410508
8281399838004 , 8281399848599
8281411768199 , 8281411777059
8281427375297 , 8281427410370
8281440124548 , 8281440144263
8281452159731 , 8281452169572
8281463443068 , 8281463454790
8281474565121 , 8281474574334
8281486709328 , 8281486739325
8281499293601 , 8281499333228
8281511420760 , 8281511447447
8281523159300 , 8281523189779
8281535782690 , 8281535793114
8281547050385 , 8281547067010
8281558315696 , 8281558325700
8281570646360 , 8281570655666
8281583532432 , 8281583553779
8281596385947 , 8281596408644
8281608584362 , 8281608593516
8281620529522 , 8281620539244
8281632518271 , 8281632529223
8281645339971 , 8281645349117
8281658237949 , 8281658280251
8281670999870 , 8281671009520
8281683227489 , 8281683236831
8281695371556 , 8281695405329
8281708701464 , 8281708714497
8281721921247 , 8281721930483
8281734686143 , 8281734696650
8281744579401 , 8281744601587
8281761004921 , 8281761015042
8281774042002 , 8281774051213
8281785963050 , 8281785973275
8281798212764 , 8281798222915
8281809589324 , 8281809627076
8281821682551 , 8281821692749
8281833322628 , 8281833341262
8281844916245 , 8281844925439
8281857465035 , 8281857474435
8281869359282 , 8281869368680
8281880259736 , 8281880271112
8281892398851 , 8281892408830
8281904147163 , 8281904162944
8281916053098 , 8281916062466
8281926743668 , 8281926763921
8281938968663 , 8281938981343
8281950343764 , 8281950353578
8281961733431 , 8281961748102
8281979053750 , 8281979063273
8281991328360 , 8281991339021
8282007582010 , 8282007592922
8282021641902 , 8282021674801
8282034496416 , 8282034538364
8282051858639 , 8282051868321
8282065106066 , 8282065147397
8282076619813 , 8282076628946
8282088479631 , 8282088490729
8282100283273 , 8282100293772
8282111430878 , 8282111442024
8282124131478 , 8282124140944
8282135633151 , 8282135644500
8282147313524 , 8282147353074
8282159208836 , 8282159218217
8282170979289 , 8282170989778
8282181840410 , 8282181878724
8282193364434 , 8282193373368
8282206098267 , 8282206108971
8282217330967 , 8282217341467
8282228366804 , 8282228381017
8282241001985 , 8282241012598
8282252722995 , 8282252734866